(0 0.2 0 0 0 0 0.4 0.4),0.14743177421815387
(0 0.2 0 0 0 0 0.6000000000000001 0.2),0.1523707490465291
(0 0 0 0 0 0 0.6000000000000001 0.4),0.15255119908466808
(0 0.4 0 0 0 0 0.2 0.4),0.15363550419527092
(0 0.4 0 0 0 0 0.4 0.2),0.15380720671243336
(0 0.2 0 0 0 0 0.2 0.6000000000000001),0.15845673989321135
(0 0 0 0 0 0 0.4 0.6000000000000001),0.15941197559115172
(0.2 0.4 0 0 0 0 0.2 0.2),0.16085910280244076
(0 0 0 0 0 0 0.8 0.2),0.16159636918382908
(0.2 0.6000000000000001 0 0 0 0 0 0.2),0.16322239729519458
(0 0.6000000000000001 0 0 0 0 0.2 0.2),0.1666918886346301
(0.2 0.6000000000000001 0 0 0 0 0.2 0),0.16731467155911517
(0.2 0.4 0 0 0 0 0 0.4),0.16790107415255537
(0 0.4 0 0 0.2 0 0.2 0.2),0.16817563081617087
(0 0.4 0 0 0 0 0.6000000000000001 0),0.16852348283752844
(0 0.4 0 0 0 0 0 0.6000000000000001),0.16866471395880997
(0.2 0.4 0 0 0 0 0.4 0),0.16936504788253234
(0.2 0.2 0 0 0 0 0.4 0.2),0.16965069295041946
(0 0.6000000000000001 0 0 0 0 0 0.4),0.17022547673531663
(0 0.2 0 0 0 0 0.8 0),0.1705421205186881
(0 0.4 0 0.2 0 0 0.2 0.2),0.17152790541571317
(0.2 0.2 0 0 0 0 0.2 0.4),0.17236747634630062
(0 0.6000000000000001 0 0 0.2 0 0 0.2),0.17305815662344268
(0 0.2 0 0.2 0 0 0.4 0.2),0.17318028070175426
(0 0.4 0 0 0.2 0 0.4 0),0.17328931756928562
(0 0.2 0 0 0.2 0 0.4 0.2),0.17330737706585334
(0 0.4 0 0 0 0.2 0.2 0.2),0.1740468299008391
(0 0.6000000000000001 0 0 0.2 0 0.2 0),0.17487818866005603
(0 0.4 0.2 0 0 0 0.2 0.2),0.1753350490526315
(0.2 0.8 0 0 0 0 0 0),0.17640804516704806
(0 0.6000000000000001 0 0 0 0 0.4 0),0.17659324180015287
(0 0.2 0 0.2 0 0 0.2 0.4),0.17709776964149493
(0 0.4 0 0 0.2 0 0 0.4),0.177106369183829
(0 0.4 0 0.2 0 0 0.4 0),0.177715536231884
(0 0.4 0 0 0 0.2 0.4 0),0.17779131045003813
(0 0.2 0 0 0 0.2 0.4 0.2),0.17826172082379874
(0 0.4 0 0.2 0 0 0 0.4),0.1788201067887109
(0 0.2 0 0 0.2 0 0.2 0.4),0.17911625069921186
(0 0.6000000000000001 0 0 0 0.2 0 0.2),0.17914691075514871
(0 0.6000000000000001 0 0.2 0 0 0 0.2),0.17974025934401208
(0 0.6000000000000001 0 0 0 0.2 0.2 0),0.1802523310450037
(0 0.2 0.2 0 0 0 0.4 0.2),0.18029249172540046
(0 0.6000000000000001 0.2 0 0 0 0 0.2),0.18042040901906942
(0 0 0 0 0 0 0.2 0.8),0.18075478413424884
(0.2 0.2 0 0 0 0 0.6000000000000001 0),0.18122250991456906
(0 0 0 0 0 0 1.0 0),0.18185954996186127
(0 0.4 0.2 0 0 0 0.4 0),0.18190830292906174
(0 0.2 0 0 0.2 0 0.6000000000000001 0),0.18201775387744712
(0 0.6000000000000001 0 0.2 0 0 0.2 0),0.18263947520976379
(0 0.4 0.2 0 0 0 0 0.4),0.18265371783676568
(0 0.2 0 0.2 0 0 0.6000000000000001 0),0.18291098855835236
(0 0.4 0 0 0 0.2 0 0.4),0.18295832189168548
(0 0.6000000000000001 0.2 0 0 0 0.2 0),0.1835055854279175
(0 0 0 0.2 0 0 0.6000000000000001 0.2),0.1842202120518688
(0 0.2 0.2 0 0 0 0.2 0.4),0.18431205257055686
(0 0.2 0 0 0 0 0 0.8),0.18431871853546924
(0 0 0 0.2 0 0 0.4 0.4),0.1846583432494279
(0 0.2 0 0 0 0.2 0.2 0.4),0.1847138474446987
(0 0.2 0 0 0 0.2 0.6000000000000001 0),0.18551301601830655
(0 0.8 0 0 0.2 0 0 0),0.1863052301042461
(0.2 0 0 0 0 0 0.4 0.4),0.1865818488619373
(0.2 0 0 0 0 0 0.6000000000000001 0.2),0.1875320724805492
(0 0 0 0 0.2 0 0.6000000000000001 0.2),0.18788445919145688
(0 0.8 0 0 0 0 0 0.2),0.18865913043478272
(0.2 0.2 0 0 0 0 0 0.6000000000000001),0.18946036772997701
(0 0.2 0.2 0 0 0 0.6000000000000001 0),0.18976991791609465
(0 0 0 0 0.2 0 0.4 0.4),0.18989016577676104
(0 0 0 0 0 0.2 0.6000000000000001 0.2),0.19118230358504956
(0 0.8 0 0 0 0.2 0 0),0.19208091533180782
(0 0.8 0 0 0 0 0.2 0),0.19353662090007656
(0 0 0.2 0 0 0 0.6000000000000001 0.2),0.19384639900839065
(0 0 0.2 0 0 0 0.4 0.4),0.1945959054004576
(0 0 0 0 0 0.2 0.4 0.4),0.19459653394355464
(0 0.8 0.2 0 0 0 0 0),0.19487723101449286
(0 0.2 0 0.2 0 0 0 0.6000000000000001),0.19512204424103735
(0 0 0 0.2 0 0 0.8 0),0.19609963691838295
(0 0.8 0 0.2 0 0 0 0),0.1963435850495805
(0.4 0.6000000000000001 0 0 0 0 0 0),0.1965858448482075
(0 0.2 0 0 0.2 0 0 0.6000000000000001),0.1978665980167811
(0.2 0 0 0 0 0 0.2 0.6000000000000001),0.19828074134096105
(0 0 0 0.2 0 0 0.2 0.6000000000000001),0.1984772234935161
(0 0 0 0 0.2 0 0.8 0),0.19851190795830148
(0.2 0.6000000000000001 0 0 0.2 0 0 0),0.19941730920264444
(0.2 0.6000000000000001 0 0.2 0 0 0 0),0.19943474481922197
(0.2 0 0 0 0 0 0.8 0),0.19992278701601815
(0 0 0 0 0 0.2 0.8 0),0.20077446224256296
(0 0.2 0.2 0 0 0 0 0.6000000000000001),0.20090058815255518
(0 0.2 0 0 0 0.2 0 0.6000000000000001),0.20328680396643772
(0.2 0.4 0 0.2 0 0 0.2 0),0.20359511601678124
(0.2 0.6000000000000001 0 0 0 0.2 0 0),0.2044400641479789
(0 0 0 0 0.2 0 0.2 0.6000000000000001),0.20463484057970996
(0 0 0.2 0 0 0 0.8 0),0.20479173425781835
(0.2 0.4 0 0.2 0 0 0 0.2),0.206971533713196
(0.2 0.4 0 0 0.2 0 0.2 0),0.20710376727536225
(0 0 0.2 0 0 0 0.2 0.6000000000000001),0.20762099681769627
(0.2 0.6000000000000001 0.2 0 0 0 0 0),0.20763527018916858
(0.4 0.4 0 0 0 0 0.2 0),0.20767823264378354
(0.4 0.4 0 0 0 0 0 0.2),0.2091436619649126
(0 0 0 0 0 0.2 0.2 0.6000000000000001),0.2092929580472924
(0.2 0.4 0 0 0 0.2 0.2 0),0.21086054088329523
(0 0.6000000000000001 0 0 0.4 0 0 0),0.21087447241291635
(0 0.6000000000000001 0 0.2 0.2 0 0 0),0.2113240045766591
(0.2 0.4 0 0 0.2 0 0 0.2),0.2119467242649379
(0 0.4 0 0.2 0.2 0 0.2 0),0.21318893770658537
(0 0 0 0 0 0 0 1.0),0.21424164759725386
(0.2 0.4 0.2 0 0 0 0.2 0),0.2148883380549198
(0.2 0.2 0 0.2 0 0 0.4 0),0.21581086811441633
(0 0.4 0 0 0.4 0 0.2 0),0.21585628273582505
(0 0.4 0 0.4 0 0 0.2 0),0.21608375591151752
(0.2 0.2 0 0.2 0 0 0.2 0.2),0.21608846591762007
(0 0.6000000000000001 0 0 0.2 0.2 0 0),0.21687496821764551
(0 0.6000000000000001 0 0.4 0 0 0 0),0.21701961861174676
(0.2 0.4 0 0 0 0.2 0 0.2),0.21704528114263913
(0 0.6000000000000001 0 0.2 0 0.2 0 0),0.2175335469107553
(0 0.6000000000000001 0.2 0 0.2 0 0 0),0.2180400363030765
(0.2 0.4 0.2 0 0 0 0 0.2),0.2181171079252481
(0 1.0 0 0 0 0 0 0),0.21833257055682687
(0 0.6000000000000001 0.2 0.2 0 0 0 0),0.21854179403508794
(0 0.4 0 0.2 0.2 0 0 0.2),0.2188146580218663
(0 0.4 0 0.2 0 0.2 0.2 0),0.21906225019069442
(0 0.4 0.2 0.2 0 0 0.2 0),0.21943150820442378
(0 0.4 0 0.4 0 0 0 0.2),0.21963411136537003
(0 0.4 0 0 0.2 0.2 0.2 0),0.2212871395881006
(0 0.2 0 0.4 0 0 0.4 0),0.22172240122044232
(0 0.2 0 0.2 0.2 0 0.4 0),0.22185119806763257
(0.2 0.2 0 0 0.2 0 0.4 0),0.2220867248548181
(0 0.4 0.2 0 0.2 0 0.2 0),0.22241128255275883
(0.2 0 0 0 0 0 0 0.8),0.2228254091853548
(0 0.6000000000000001 0.2 0 0 0.2 0 0),0.22305176956521766
(0 0.4 0 0 0.4 0 0 0.2),0.22349624713958793
(0 0.4 0.2 0.2 0 0 0 0.2),0.2236178716979406
(0 0 0 0.2 0 0 0 0.8),0.2237346147978644
(0 0.6000000000000001 0 0 0 0.4 0 0),0.22388045766590361
(0 0.2 0 0.4 0 0 0.2 0.2),0.22409943554538497
(0.2 0.2 0 0 0 0.2 0.4 0),0.22413986387337909
(0.2 0.2 0 0 0.2 0 0.2 0.2),0.22451127865802173
(0.4 0.2 0 0 0 0 0.4 0),0.22499520972997714
(0 0.4 0 0.2 0 0.2 0 0.2),0.22526794813119783
(0.4 0.2 0 0 0 0 0.2 0.2),0.22536746150724657
(0 0.2 0 0.2 0.2 0 0.2 0.2),0.22580230561912024
(0 0.4 0.2 0 0 0.2 0.2 0),0.22647150181845904
(0 0.2 0 0.2 0 0.2 0.4 0),0.22657148131197577
(0 0.2 0 0 0.4 0 0.4 0),0.22755473073989285
(0 0.4 0.2 0 0.2 0 0 0.2),0.2278659085827612
(0 0.4 0 0 0 0.4 0.2 0),0.22792050648360035
(0 0.2 0.2 0.2 0 0 0.4 0),0.2279533941876429
(0.2 0.2 0 0 0 0.2 0.2 0.2),0.2280839231533178
(0.2 0.2 0 0.2 0 0 0 0.4),0.22862610787032794
(0.2 0.2 0.2 0 0 0 0.4 0),0.228840733112128
(0 0.4 0 0 0.2 0.2 0 0.2),0.22954196033562166
(0 0 0 0 0.2 0 0 0.8),0.23004641495041955
(0 0.2 0.2 0.2 0 0 0.2 0.2),0.23022371081617088
(0.2 0.2 0.2 0 0 0 0.2 0.2),0.23043678540198312
(0 0.2 0 0 0.2 0.2 0.4 0),0.2315234655479278
(0 0 0.2 0 0 0 0 0.8),0.23166784753318034
(0 0.2 0 0.2 0 0.2 0.2 0.2),0.2318655621662851
(0.2 0 0 0.2 0 0 0.4 0.2),0.23304015577269255
(0 0.4 0.2 0 0 0.2 0 0.2),0.2332162222059497
(0 0.2 0 0 0.4 0 0.2 0.2),0.23334271650139812
(0 0.6000000000000001 0.4 0 0 0 0 0),0.2335046397009917
(0 0.2 0.2 0 0.2 0 0.4 0),0.23369597640884793
(0.2 0 0 0.2 0 0 0.6000000000000001 0),0.23397937111975597
(0 0 0 0.4 0 0 0.6000000000000001 0),0.23411168268497312
(0 0 0 0 0 0.2 0 0.8),0.23436881769641515
(0 0 0 0.4 0 0 0.4 0.2),0.23438133943554557
(0.4 0.2 0 0 0 0 0 0.4),0.23526653305568246
(0 0.4 0 0 0 0.4 0 0.2),0.2364537299771167
(0 0.2 0 0.4 0 0 0 0.4),0.23671688787185383
(0 0.2 0.2 0 0 0.2 0.4 0),0.2367535420778032
(0 0 0 0.2 0.2 0 0.6000000000000001 0),0.23703319603356204
(0 0.2 0 0 0 0.4 0.4 0),0.23710107093821495
(0 0.2 0.2 0 0.2 0 0.2 0.2),0.2375315225405543
(0 0.4 0.4 0 0 0 0.2 0),0.23789307404424118
(0.2 0.2 0 0 0.2 0 0 0.4),0.23804293873735072
(0 0.2 0 0 0.2 0.2 0.2 0.2),0.23870737604881775
(0 0 0 0.2 0.2 0 0.4 0.2),0.23946599186371717
(0 0.2 0 0.2 0.2 0 0 0.4),0.2401458301550978
(0 0 0 0.2 0 0.2 0.6000000000000001 0),0.24037685736079317
(0.2 0.2 0.2 0 0 0 0 0.4),0.24178223919908434
(0 0.2 0.2 0 0 0.2 0.2 0.2),0.24192495434935174
(0 0.4 0.4 0 0 0 0 0.2),0.24202788896414953
(0.2 0 0 0.2 0 0 0.2 0.4),0.2422624753760489
(0.2 0 0 0 0.2 0 0.6000000000000001 0),0.2424691031339946
(0.2 0.2 0 0 0 0.2 0 0.4),0.24250443357589632
(0 0.2 0.2 0.2 0 0 0 0.4),0.24254916454309666
(0 0 0.2 0.2 0 0 0.6000000000000001 0),0.24311395191762006
(0.2 0 0 0 0 0.2 0.6000000000000001 0),0.24369111482990083
(0.2 0 0 0 0.2 0 0.4 0.2),0.243694818167811
(0 0 0.2 0.2 0 0 0.4 0.2),0.24371078092753654
(0 0 0 0.2 0 0.2 0.4 0.2),0.2442194965675057
(0 0 0 0 0.4 0 0.6000000000000001 0),0.24505440783117208
(0 0.2 0 0 0 0.4 0.2 0.2),0.24507027612509538
(0 0 0 0.4 0 0 0.2 0.4),0.2452231945080094
(0.2 0 0 0 0 0.2 0.4 0.2),0.24565378091380594
(0 0.2 0 0.2 0 0.2 0 0.4),0.24616558352402723
(0.4 0 0 0 0 0 0.4 0.2),0.24656537668649892
(0.4 0 0 0 0 0 0.6000000000000001 0),0.2469339575011439
(0 0 0 0 0.2 0.2 0.6000000000000001 0),0.24773823544368181
(0.2 0 0.2 0 0 0 0.6000000000000001 0),0.24779702673531653
(0 0.2 0.4 0 0 0 0.4 0),0.24798126256598021
(0.2 0 0.2 0 0 0 0.4 0.2),0.24811024168573584
(0 0.2 0 0 0.4 0 0 0.4),0.24900551741673024
(0 0 0 0 0.4 0 0.4 0.2),0.2492815235189424
(0 0 0.2 0 0.2 0 0.6000000000000001 0),0.25051742620086426
(0 0.2 0.2 0 0.2 0 0 0.4),0.25072023200813637
(0 0.2 0.4 0 0 0 0.2 0.2),0.25109423765675026
(0 0 0 0.2 0.2 0 0.2 0.4),0.2516034314772439
(0 0 0 0 0 0.4 0.6000000000000001 0),0.25181809305873387
(0 0 0.2 0 0 0.2 0.6000000000000001 0),0.2527852394660567
(0 0 0 0 0.2 0.2 0.4 0.2),0.2532102634121535
(0 0 0.2 0 0.2 0 0.4 0.2),0.2532705433989319
(0.2 0 0 0 0.2 0 0.2 0.4),0.2538095582217138
(0 0 0.2 0.2 0 0 0.2 0.4),0.2539679753318075
(0.4 0 0 0 0 0 0.2 0.4),0.25443706142181505
(0 0.2 0 0 0.2 0.2 0 0.4),0.25445049834731737
(0 0.2 0.2 0 0 0.2 0 0.4),0.25581984142791736
(0 0 0.2 0 0 0.2 0.4 0.2),0.2562919645522505
(0.2 0 0 0 0 0.2 0.2 0.4),0.25704470774828364
(0 0 0 0.2 0 0.2 0.2 0.4),0.2571104652936687
(0.2 0 0.2 0 0 0 0.2 0.4),0.2575960066742943
(0 0 0 0 0 0.4 0.4 0.2),0.25845786727688774
(0.2 0 0 0.2 0 0 0 0.6000000000000001),0.2603937747078567
(0 0.2 0 0 0 0.4 0 0.4),0.26078926010678866
(0 0.2 0.4 0 0 0 0 0.4),0.2617497434385965
(0.4 0.4 0 0.2 0 0 0 0),0.26181418944012175
(0 0 0 0 0.4 0 0.2 0.4),0.26240063615560616
(0.2 0.4 0 0.4 0 0 0 0),0.2628982972219677
(0 0 0.4 0 0 0 0.6000000000000001 0),0.26324756369794045
(0 0 0 0.4 0 0 0 0.6000000000000001),0.2633969183829137
(0 0 0.2 0 0.2 0 0.2 0.4),0.2642391692723114
(0 0 0.4 0 0 0 0.4 0.2),0.26501776719450826
(0.2 0.4 0 0.2 0.2 0 0 0),0.2672004536623441
(0 0 0 0 0.2 0.2 0.2 0.4),0.2672490541571319
(0 0 0.2 0 0 0.2 0.2 0.4),0.26826247885278415
(0.4 0 0 0 0 0 0 0.6000000000000001),0.26990169712585815
(0 0 0 0.2 0.2 0 0 0.6000000000000001),0.2709487236206457
(0 0 0.2 0.2 0 0 0 0.6000000000000001),0.27153935184134276
(0.4 0.4 0 0 0.2 0 0 0),0.271858981812357
(0.2 0 0 0 0.2 0 0 0.6000000000000001),0.2723425086697176
(0.2 0.4 0 0.2 0 0.2 0 0),0.27236366576506493
(0 0 0 0 0 0.4 0.2 0.4),0.2731633119755911
(0.2 0.4 0.2 0.2 0 0 0 0),0.27336488796796304
(0.2 0.2 0 0.4 0 0 0.2 0),0.2735071730724637
(0.2 0 0.2 0 0 0 0 0.6000000000000001),0.2739832706254766
(0.4 0.4 0 0 0 0.2 0 0),0.2742447607902359
(0 0 0.4 0 0 0 0.2 0.4),0.274713035435545
(0 0.4 0 0.4 0.2 0 0 0),0.275879371980676
(0.2 0 0 0 0 0.2 0 0.6000000000000001),0.27619063463157917
(0.6000000000000001 0.4 0 0 0 0 0 0),0.2762972377223497
(0 0 0 0.2 0 0.2 0 0.6000000000000001),0.27644677345537766
(0 0.4 0 0.6000000000000001 0 0 0 0),0.27645272311212826
(0.2 0.4 0 0 0.4 0 0 0),0.27682294490058457
(0.4 0.4 0.2 0 0 0 0 0),0.27776112082990045
(0.4 0.2 0 0.2 0 0 0.2 0),0.27846067261327234
(0 0.4 0 0.2 0.4 0 0 0),0.2800312992626491
(0 0.4 0.2 0.4 0 0 0 0),0.2802475032524788
(0.2 0.2 0 0.2 0.2 0 0.2 0),0.28055755598627
(0.2 0.4 0 0 0.2 0.2 0 0),0.28094692633968965
(0 0.4 0 0.4 0 0.2 0 0),0.28210694126620883
(0.2 0.4 0.2 0 0.2 0 0 0),0.2822054731019581
(0 0 0 0 0.4 0 0 0.6000000000000001),0.28237915586066614
(0 0 0.2 0 0.2 0 0 0.6000000000000001),0.2824016247943048
(0 0.2 0 0.6000000000000001 0 0 0.2 0),0.2829744805491989
(0.2 0.2 0 0.2 0 0.2 0.2 0),0.2841719485415711
(0 0.4 0.2 0.2 0.2 0 0 0),0.2842687595728449
(0 0.2 0 0.4 0.2 0 0.2 0),0.2843717060767862
(0.2 0.2 0 0.4 0 0 0 0.2),0.2849190246941264
(0.2 0.4 0.2 0 0 0.2 0 0),0.2852563856308157
(0 0.4 0 0.2 0.2 0.2 0 0),0.2859656623442667
(0.2 0.2 0.2 0.2 0 0 0.2 0),0.286565163003814
(0.2 0.4 0 0 0 0.4 0 0),0.2865807183051104
(0 0 0.2 0 0 0.2 0 0.6000000000000001),0.2868828364149505
(0 0 0 0 0.2 0.2 0 0.6000000000000001),0.28735970251716236
(0.4 0.2 0 0.2 0 0 0 0.2),0.28810070355148704
(0 0.2 0.2 0.4 0 0 0.2 0),0.2887794643905415
(0 0.4 0 0 0.6000000000000001 0 0 0),0.2889572768878717
(0 0.4 0.2 0.2 0 0.2 0 0),0.2896359983218915
(0.2 0 0 0.4 0 0 0.4 0),0.28973807299923715
(0 0.2 0 0.4 0 0.2 0.2 0),0.29024370404271543
(0 0 0.4 0 0 0 0 0.6000000000000001),0.29068044666971793
(0.4 0.2 0 0 0.2 0 0.2 0),0.29069399748487174
(0 0.2 0 0.2 0.4 0 0.2 0),0.2907204703788458
(0.4 0.2 0 0 0 0.2 0.2 0),0.2917828768543097
(0.2 0.2 0 0 0.4 0 0.2 0),0.29250866726010655
(0 0.4 0.2 0 0.4 0 0 0),0.29256897155352174
(0 0.4 0 0.2 0 0.4 0 0),0.292641556064073
(0 0 0 0 0 0.4 0 0.6000000000000001),0.2930278565980168
(0 0 0 0.6000000000000001 0 0 0.4 0),0.293246273073989
(0.2 0.2 0 0.2 0.2 0 0 0.2),0.29377312980778014
(0 0.2 0 0.6000000000000001 0 0 0 0.2),0.29428006102212007
(0 0.4 0 0 0.4 0.2 0 0),0.2943023595219932
(0.2 0.4 0.4 0 0 0 0 0),0.29494877213882537
(0.4 0.2 0.2 0 0 0 0.2 0),0.2950031271609459
(0 0.2 0.2 0.2 0.2 0 0.2 0),0.2952126034263919
(0.2 0.2 0 0 0.2 0.2 0.2 0),0.2952798129199085
(0 0.4 0.4 0.2 0 0 0 0),0.29582800229443174
(0 0.2 0 0.2 0.2 0.2 0.2 0),0.29607424052885795
(0.6000000000000001 0.2 0 0 0 0 0.2 0),0.2967243448161706
(0 0 0 0.4 0.2 0 0.4 0),0.29706705466564987
(0 0.4 0.2 0 0.2 0.2 0 0),0.29708798366641237
(0.2 0.2 0.2 0 0.2 0 0.2 0),0.297238573370455
(0.2 0.2 0.2 0.2 0 0 0 0.2),0.29752845653241805
(0 0.2 0 0.4 0.2 0 0 0.2),0.2975635011441651
(0.2 0.2 0 0.2 0 0.2 0 0.2),0.298570065887109
(0.2 0 0 0.4 0 0 0.2 0.2),0.29899561981540823
(0.2 0.2 0 0 0 0.4 0.2 0),0.29938649789321126
(0.2 0 0 0.2 0.2 0 0.4 0),0.299516704107297
(0.2 0.2 0.2 0 0 0.2 0.2 0),0.2995768548543092
(0 0.2 0.2 0.2 0 0.2 0.2 0),0.29959147146605636
(0.4 0 0 0.2 0 0 0.4 0),0.299797838623951
(0 0.4 0 0 0.2 0.4 0 0),0.30039979913552023
(0 0.2 0.2 0.4 0 0 0 0.2),0.3005085431029751
(0.4 0.2 0 0 0.2 0 0 0.2),0.3009743524830917
(0.2 0 0 0.2 0 0.2 0.4 0),0.3015170498688021
(0 0 0.2 0.4 0 0 0.4 0),0.30170647067581996
(0 0 0 0.4 0 0.2 0.4 0),0.30184344774980937
(0 0.2 0 0 0.6000000000000001 0 0.2 0),0.30205459038901594
(0 0.2 0 0.2 0 0.4 0.2 0),0.3021668497330283
(0 0.4 0.2 0 0 0.4 0 0),0.30266769678718547
(0.4 0.2 0 0 0 0.2 0 0.2),0.30294003289397387
(0 0.2 0 0.4 0 0.2 0 0.2),0.30367307398932114
(0 0.4 0.4 0 0.2 0 0 0),0.3039665061967967
(0 0 0 0.6000000000000001 0 0 0.2 0.2),0.30405819984744475
(0.2 0 0.2 0.2 0 0 0.4 0),0.30410639400305084
(0.4 0.2 0.2 0 0 0 0 0.2),0.30491890155606444
(0.6000000000000001 0.2 0 0 0 0 0 0.2),0.30503158944164765
(0 0.2 0.2 0 0.4 0 0.2 0),0.3055129195006357
(0 0 0 0.2 0.4 0 0.4 0),0.3060717325197053
(0 0.2 0 0.2 0.4 0 0 0.2),0.30627213323163016
(0 0.2 0 0 0.4 0.2 0.2 0),0.30637203407068375
(0.2 0.2 0 0 0.4 0 0 0.2),0.30650726572234915
(0 0.2 0.4 0.2 0 0 0.2 0),0.306800349675057
(0 0.4 0.4 0 0 0.2 0 0),0.3069630113196031
(0 0.4 0 0 0 0.6000000000000001 0 0),0.30725681159420315
(0.4 0 0 0.2 0 0 0.2 0.2),0.30774929442868043
(0 0.2 0.2 0.2 0.2 0 0 0.2),0.308345348839054
(0.2 0.2 0.4 0 0 0 0.2 0),0.3089692786010676
(0 0.2 0.2 0 0.2 0.2 0.2 0),0.3090405523508769
(0.2 0.2 0.2 0 0.2 0 0 0.2),0.30944875965675017
(0 0 0 0.4 0.2 0 0.2 0.2),0.30952725807271797
(0 0 0 0.2 0.2 0.2 0.4 0),0.3099080015255529
(0.2 0 0 0.2 0.2 0 0.2 0.2),0.31014407935265714
(0.2 0.2 0 0 0.2 0.2 0 0.2),0.31016685621510287
(0 0 0.2 0.2 0.2 0 0.4 0),0.31017122997101426
(0 0.2 0 0 0.2 0.4 0.2 0),0.31163161708619386
(0 0.2 0 0.2 0.2 0.2 0 0.2),0.3117748919399949
(0 0 0.2 0.4 0 0 0.2 0.2),0.31210349779405067
(0.2 0.2 0.2 0 0 0.2 0 0.2),0.3121417014111361
(0.2 0 0 0 0.4 0 0.4 0),0.3129277213765571
(0.4 0 0 0 0.2 0 0.4 0),0.3131075442532418
(0.2 0 0 0.2 0 0.2 0.2 0.2),0.3132977396628529
(0 0 0.2 0.2 0 0.2 0.4 0),0.31340311268649884
(0.4 0 0 0 0 0.2 0.4 0),0.31346690504652946
(0 0.2 0.2 0.2 0 0.2 0 0.2),0.3134720924546147
(0 0.2 0.2 0 0 0.4 0.2 0),0.31355863167963394
(0.2 0 0.2 0.2 0 0 0.2 0.2),0.31369751159267745
(0.2 0 0 0 0.2 0.2 0.4 0),0.31449037736435326
(0 0 0 0.2 0 0.4 0.4 0),0.3149059923722348
(0 0 0 0.4 0 0.2 0.2 0.2),0.31508871853546916
(0.2 0.2 0 0 0 0.4 0 0.2),0.31533577490312714
(0.2 0 0 0.4 0 0 0 0.4),0.31568202767505643
(0.4 0 0.2 0 0 0 0.4 0),0.31628200846071675
(0 0.2 0.4 0 0.2 0 0.2 0),0.31639720182862935
(0.2 0 0.2 0 0.2 0 0.4 0),0.3167515827953215
(0 0.2 0.4 0.2 0 0 0 0.2),0.3169039730404271
(0.2 0 0 0 0 0.4 0.4 0),0.3170705910129669
(0 0.2 0 0 0 0.6000000000000001 0.2 0),0.31808091838291364
(0 0.2 0 0.2 0 0.4 0 0.2),0.3181227459954234
(0.2 0 0.2 0 0 0.2 0.4 0),0.31815842102059466
(0 0.2 0 0 0.6000000000000001 0 0 0.2),0.31837707856598013
(0 0.2 0.4 0 0 0.2 0.2 0),0.3187315425354692
(0 0 0 0 0.6000000000000001 0 0.4 0),0.3190294691075514
(0.2 0.2 0.4 0 0 0 0 0.2),0.319111370262395
(0 0.2 0.2 0 0.4 0 0 0.2),0.3193441116155605
(0.6000000000000001 0 0 0 0 0 0.4 0),0.3200530825125863
(0 0 0 0.2 0.4 0 0.2 0.2),0.320146844139334
(0 0 0 0.6000000000000001 0 0 0 0.4),0.32088387490465314
(0 0 0.4 0.2 0 0 0.4 0),0.32090999196338665
(0.4 0 0 0 0.2 0 0.2 0.2),0.32189332580625435
(0.4 0 0 0.2 0 0 0 0.4),0.32191069306788755
(0 0 0.2 0.2 0.2 0 0.2 0.2),0.3220279282237476
(0 0 0 0 0.4 0.2 0.4 0),0.32211537350622904
(0 0 0.2 0 0.4 0 0.4 0),0.32250538492651964
(0.4 0 0 0 0 0.2 0.2 0.2),0.3227581031914568
(0 0.2 0 0 0.4 0.2 0 0.2),0.32321992880752565
(0 0.4 0.6000000000000001 0 0 0 0 0),0.3236799354965674
(0 0.2 0.2 0 0.2 0.2 0 0.2),0.32377741596338666
(0.2 0 0 0 0.4 0 0.2 0.2),0.32425048943757945
(0.4 0 0.2 0 0 0 0.2 0.2),0.3246173195301295
(0 0 0 0.2 0.2 0.2 0.2 0.2),0.3248819923722354
(0 0 0.2 0 0.2 0.2 0.4 0),0.32507379021510296
(0 0 0.2 0.2 0 0.2 0.2 0.2),0.32613125663463055
(0.2 0 0.4 0 0 0 0.4 0),0.32629699390236444
(0 0 0 0 0.2 0.4 0.4 0),0.3263349570302572
(0.2 0 0 0 0.2 0.2 0.2 0.2),0.3267399373724891
(0.2 0 0.2 0 0.2 0 0.2 0.2),0.3272484011924738
(0 0.2 0.4 0 0.2 0 0 0.2),0.3273890906605643
(0.6000000000000001 0 0 0 0 0 0.2 0.2),0.3275046096094582
(0.2 0 0 0.2 0.2 0 0 0.4),0.3275734960177982
(0 0 0 0.4 0.2 0 0 0.4),0.3279562090007624
(0 0 0.2 0 0 0.4 0.4 0),0.3286164925491996
(0 0.2 0 0 0.2 0.4 0 0.2),0.3286920137299773
(0 0 0.2 0.4 0 0 0 0.4),0.3288100037437071
(0 0.2 0.2 0 0 0.4 0 0.2),0.3289578751548437
(0.2 0 0.2 0.2 0 0 0 0.4),0.32898433006407324
(0.2 0 0.2 0 0 0.2 0.2 0.2),0.32925191073226545
(0 0.2 0.4 0 0 0.2 0 0.2),0.3303968181967963
(0.2 0 0 0 0 0.4 0.2 0.2),0.33055853105873356
(0 0 0 0.2 0 0.4 0.2 0.2),0.3306599877955758
(0 0 0.4 0.2 0 0 0.2 0.2),0.3306739734065599
(0.2 0 0 0.2 0 0.2 0 0.4),0.3316797482425628
(0 0 0 0 0 0.6000000000000001 0.4 0),0.33187205491990834
(0 0 0.4 0 0.2 0 0.4 0),0.3319833641067885
(0 0 0 0.4 0 0.2 0 0.4),0.3336585507246374
(0 0 0 0 0.6000000000000001 0 0.2 0.2),0.33367455530129647
(0 0 0.4 0 0 0.2 0.4 0),0.3339901384164758
(0 0.2 0.6000000000000001 0 0 0 0.2 0),0.3347200629717771
(0 0.2 0 0 0 0.6000000000000001 0 0.2),0.33507661327231075
(0 0 0.2 0 0.4 0 0.2 0.2),0.33513008189270227
(0.2 0 0.4 0 0 0 0.2 0.2),0.3354541836628532
(0.4 0 0 0 0.2 0 0 0.4),0.33629587435443675
(0 0 0 0 0.4 0.2 0.2 0.2),0.33762803813882525
(0.4 0 0 0 0 0.2 0 0.4),0.3378461621754386
(0 0 0.2 0 0.2 0.2 0.2 0.2),0.3384211486661583
(0.4 0 0.2 0 0 0 0 0.4),0.33864411117620175
(0 0 0.2 0.2 0.2 0 0 0.4),0.3395876648268499
(0 0 0 0.2 0.4 0 0 0.4),0.33978322400203376
(0.6000000000000001 0 0 0 0 0 0 0.4),0.33988466965522496
(0.2 0 0 0 0.4 0 0 0.4),0.34167992014187665
(0 0 0.2 0 0 0.4 0.2 0.2),0.342496426733791
(0 0 0 0 0.2 0.4 0.2 0.2),0.3425733374014746
(0 0 0.4 0 0.2 0 0.2 0.2),0.3426535464449527
(0.2 0 0.2 0 0.2 0 0 0.4),0.34305875860920415
(0 0.2 0.6000000000000001 0 0 0 0 0.2),0.3441752263188409
(0 0 0.2 0.2 0 0.2 0 0.4),0.3442475083051107
(0 0 0 0.2 0.2 0.2 0 0.4),0.34488959827104054
(0 0 0.4 0.2 0 0 0 0.4),0.34498613972234937
(0 0 0.4 0 0 0.2 0.2 0.2),0.345025125199085
(0.2 0 0 0 0.2 0.2 0 0.4),0.3452117080900075
(0.2 0 0.2 0 0 0.2 0 0.4),0.34539460735774163
(0.2 0.2 0 0.6000000000000001 0 0 0 0),0.34751666878260856
(0.4 0.2 0 0.4 0 0 0 0),0.34796940583066405
(0 0 0.6000000000000001 0 0 0 0.4 0),0.34844244179710143
(0 0 0 0 0 0.6000000000000001 0.2 0.2),0.3484641281464534
(0.2 0 0.4 0 0 0 0 0.4),0.3497554484622429
(0.2 0 0 0 0 0.4 0 0.4),0.3497926463051105
(0 0 0 0.2 0 0.4 0 0.4),0.3506155911517927
(0 0 0.2 0 0.4 0 0 0.4),0.35280413569387215
(0 0 0 0 0.6000000000000001 0 0 0.4),0.353376300533944
(0.2 0.2 0 0.4 0.2 0 0 0),0.35513345758810033
(0 0 0.2 0 0.2 0.2 0 0.4),0.3570105130139844
(0 0.2 0 0.8 0 0 0 0),0.357096750572083
(0 0 0.6000000000000001 0 0 0 0.2 0.2),0.3576258304225784
(0 0 0.4 0 0.2 0 0 0.4),0.3577425069290617
(0 0 0 0 0.4 0.2 0 0.4),0.35800023900330485
(0.2 0.2 0.2 0.4 0 0 0 0),0.35856185802745955
(0.2 0.2 0 0.4 0 0.2 0 0),0.35957714057818485
(0 0.2 0 0.6000000000000001 0.2 0 0 0),0.3601995448766846
(0.4 0.2 0 0.2 0.2 0 0 0),0.36041219110399186
(0 0 0.4 0 0 0.2 0 0.4),0.36057430850953504
(0.2 0 0 0.6000000000000001 0 0 0.2 0),0.3612139055209762
(0.6000000000000001 0.2 0 0.2 0 0 0 0),0.36136663310907663
(0 0 0.2 0 0 0.4 0 0.4),0.3618810520427159
(0.4 0.2 0 0.2 0 0.2 0 0),0.36227757376353914
(0 0 0 0 0.2 0.4 0 0.4),0.3631464708873631
(0 0.2 0.2 0.6000000000000001 0 0 0 0),0.36337063033714717
(0.4 0.2 0.2 0.2 0 0 0 0),0.3639857560335621
(0 0.2 0 0.6000000000000001 0 0.2 0 0),0.3659335469107549
(0.2 0.2 0 0.2 0.4 0 0 0),0.3669545099430462
(0.4 0 0 0.4 0 0 0.2 0),0.367202858279176
(0 0 0 0.8 0 0 0.2 0),0.36724062090007603
(0 0.2 0 0.4 0.4 0 0 0),0.3677155504703787
(0 0 0 0 0 0.6000000000000001 0 0.4),0.3689924637681158
(0.2 0.2 0.2 0.2 0.2 0 0 0),0.36960603322196794
(0 0.2 0.2 0.4 0.2 0 0 0),0.36979093601932356
(0.2 0.2 0 0.2 0.2 0.2 0 0),0.37065567699110086
(0.2 0 0 0.4 0.2 0 0.2 0),0.37109195249783883
(0 0 0.6000000000000001 0 0 0 0 0.4),0.3713543896842102
(0 0 0 0.6000000000000001 0.2 0 0.2 0),0.37221843376557334
(0.2 0.2 0.2 0.2 0 0.2 0 0),0.37263360551792557
(0 0.2 0 0.4 0.2 0.2 0 0),0.3729012128146455
(0.2 0 0 0.4 0 0.2 0.2 0),0.3743194012646832
(0.2 0 0.2 0.4 0 0 0.2 0),0.3747850544576658
(0 0.2 0.2 0.4 0 0.2 0 0),0.37481273404118975
(0.4 0.2 0 0 0.4 0 0 0),0.3749561388243073
(0 0 0.2 0.6000000000000001 0 0 0.2 0),0.3749638888726167
(0.2 0.2 0 0.2 0 0.4 0 0),0.3755913345553014
(0.6000000000000001 0.2 0 0 0.2 0 0 0),0.37598812877548937
(0.6000000000000001 0.2 0 0 0 0.2 0 0),0.37602212549656755
(0.4 0.2 0 0 0.2 0.2 0 0),0.37635014570353403
(0 0 0 0.6000000000000001 0 0.2 0.2 0),0.37726306636155627
(0.2 0 0 0.6000000000000001 0 0 0 0.2),0.37741471120213627
(0 0.2 0.4 0.4 0 0 0 0),0.3775222605461483
(0.4 0.2 0.2 0 0.2 0 0 0),0.37790876242867993
(0.2 0.2 0.4 0.2 0 0 0 0),0.3783619669427922
(0.6000000000000001 0.2 0.2 0 0 0 0 0),0.37853287699618604
(0.4 0.2 0 0 0 0.4 0 0),0.378778246898551
(0 0.2 0 0.4 0 0.4 0 0),0.37893491990846656
(0 0.2 0 0.2 0.6000000000000001 0 0 0),0.379031845919146
(0.4 0.2 0.2 0 0 0.2 0 0),0.37942775619832175
(0 0.2 0.2 0.2 0.4 0 0 0),0.3801579425588608
(0.2 0.2 0 0 0.6000000000000001 0 0 0),0.38106519257513294
(0.4 0 0 0.4 0 0 0 0.2),0.38108920614187686
(0.4 0 0 0.2 0.2 0 0.2 0),0.38120353600711937
(0 0 0 0.4 0.4 0 0.2 0),0.3814782929061787
(0.4 0 0 0.2 0 0.2 0.2 0),0.3819218696598017
(0.8 0.2 0 0 0 0 0 0),0.38309078683752856
(0 0 0.2 0.4 0.2 0 0.2 0),0.38337998191812833
(0.2 0.2 0.2 0 0.4 0 0 0),0.3834759499979659
(0.4 0 0.2 0.2 0 0 0.2 0),0.383489878303585
(0 0 0 0.8 0 0 0 0.2),0.383687231121282
(0.6000000000000001 0 0 0.2 0 0 0.2 0),0.3837405015697943
(0 0.2 0 0.2 0.4 0.2 0 0),0.38383504195270796
(0.2 0.2 0 0 0.4 0.2 0 0),0.384434747502161
(0.2 0 0 0.2 0.4 0 0.2 0),0.38448829197203155
(0 0.2 0.2 0.2 0.2 0.2 0 0),0.38456716859496537
(0.4 0.2 0.4 0 0 0 0 0),0.3855940065202136
(0.2 0.2 0.2 0 0.2 0.2 0 0),0.3859903637787954
(0 0 0 0.4 0.2 0.2 0.2 0),0.3860864108822783
(0.2 0 0 0.2 0.2 0.2 0.2 0),0.3869880964978391
(0 0.2 0.4 0.2 0.2 0 0 0),0.38735115437782885
(0.2 0 0.2 0.2 0.2 0 0.2 0),0.38742842925553017
(0 0 0.2 0.4 0 0.2 0.2 0),0.387472664613272
(0.2 0 0 0.4 0.2 0 0 0.2),0.3884438469051612
(0.2 0.2 0 0 0.2 0.4 0 0),0.3885323882852779
(0 0.2 0 0.2 0.2 0.4 0 0),0.3892662217137043
(0.2 0 0.2 0.4 0 0 0 0.2),0.3893119951106027
(0.2 0.2 0.2 0 0 0.4 0 0),0.38936092518230353
(0.2 0 0.2 0.2 0 0.2 0.2 0),0.38958099505263133
(0 0.2 0.2 0.2 0 0.4 0 0),0.38974510188253275
(0 0 0 0.6000000000000001 0.2 0 0 0.2),0.38995518688024366
(0 0.2 0.4 0.2 0 0.2 0 0),0.39045465755606396
(0 0 0.2 0.6000000000000001 0 0 0 0.2),0.39052651863005344
(0.2 0 0 0.2 0 0.4 0.2 0),0.3906556087276886
(0.2 0.2 0.4 0 0.2 0 0 0),0.39097118227968486
(0 0 0.4 0.4 0 0 0.2 0),0.3912348934065601
(0 0 0 0.4 0 0.4 0.2 0),0.3914551441647598
(0.2 0 0 0.4 0 0.2 0 0.2),0.3924190134446983
(0 0.2 0 0 0.8 0 0 0),0.39277739130434747
(0.2 0.2 0.4 0 0 0.2 0 0),0.39287843034477454
(0 0.2 0.2 0 0.6000000000000001 0 0 0),0.3930972258520211
(0.2 0.2 0 0 0 0.6000000000000001 0 0),0.3936234174233405
(0 0 0 0.2 0.6000000000000001 0 0.2 0),0.3942480839054154
(0.2 0 0.4 0.2 0 0 0.2 0),0.39488233698093067
(0 0 0 0.6000000000000001 0 0.2 0 0.2),0.39525485888634676
(0.4 0 0 0.2 0.2 0 0 0.2),0.39539281025069867
(0 0.2 0 0.2 0 0.6000000000000001 0 0),0.3954893974065602
(0 0 0.2 0.2 0.4 0 0.2 0),0.39558399636003033
(0.6000000000000001 0 0 0.2 0 0 0 0.2),0.3959905845598778
(0.4 0 0 0 0.4 0 0.2 0),0.39662765961759444
(0.4 0 0 0.2 0 0.2 0 0.2),0.39699914383829116
(0 0.2 0.2 0 0.4 0.2 0 0),0.3970116448705824
(0.4 0 0 0 0.2 0.2 0.2 0),0.39701476004983477
(0 0.2 0 0 0.6000000000000001 0.2 0 0),0.39703465293668905
(0.4 0 0.2 0.2 0 0 0 0.2),0.39727497052326477
(0 0 0 0.2 0.4 0.2 0.2 0),0.39824748385456377
(0.4 0 0 0 0 0.4 0.2 0),0.398271247478261
(0.4 0 0.2 0 0.2 0 0.2 0),0.3986469967180268
(0.6000000000000001 0 0 0 0 0.2 0.2 0),0.39866963054004567
(0.4 0 0.2 0 0 0.2 0.2 0),0.3990082951548431
(0 0 0.2 0.2 0.2 0.2 0.2 0),0.39906700119094846
(0.6000000000000001 0 0 0 0.2 0 0.2 0),0.39918811007220945
(0 0.2 0.4 0 0.4 0 0 0),0.39926986487465044
(0.2 0 0 0 0.6000000000000001 0 0.2 0),0.399946011034325
(0 0 0.2 0.4 0.2 0 0 0.2),0.4003241992585817
(0.6000000000000001 0 0.2 0 0 0 0.2 0),0.4004862600045763
(0 0 0 0.4 0.4 0 0 0.2),0.4006858632087465
(0 0.2 0.6000000000000001 0.2 0 0 0 0),0.40171148747826063
(0 0.2 0.2 0 0.2 0.4 0 0),0.4017154240772946
(0.2 0 0 0 0.4 0.2 0.2 0),0.40190763867937956
(0 0.2 0 0 0.4 0.4 0 0),0.40202547165013974
(0.2 0 0 0.2 0.4 0 0 0.2),0.40211190915789463
(0 0.2 0.4 0 0.2 0.2 0 0),0.4022310176842108
(0.2 0 0.2 0 0.4 0 0.2 0),0.40244306417747294
(0 0 0.4 0.2 0.2 0 0.2 0),0.4025165017462496
(0.2 0 0.2 0.2 0.2 0 0 0.2),0.4030762172107803
(0 0 0 0.2 0.2 0.4 0.2 0),0.40313441800152533
(0 0 0.2 0.2 0 0.4 0.2 0),0.40329146003661337
(0.2 0 0.2 0 0.2 0.2 0.2 0),0.4042392616552246
(0.4 0 0.4 0 0 0 0.2 0),0.4045798592067124
(0.2 0 0 0 0.2 0.4 0.2 0),0.4048643383996952
(0 0 0.2 0.4 0 0.2 0 0.2),0.40486841741266166
(0.2 0.2 0.6000000000000001 0 0 0 0 0),0.40494759927536217
(0 0 0.4 0.2 0 0.2 0.2 0),0.40512507738825343
(0 0 0.4 0.4 0 0 0 0.2),0.40516057243020553
(0 0 0 0.4 0.2 0.2 0 0.2),0.40548851004322406
(0 0.2 0.4 0 0 0.4 0 0),0.4056446027337908
(0.2 0 0 0.2 0.2 0.2 0 0.2),0.4057761388960084
(0.2 0 0.2 0.2 0 0.2 0 0.2),0.40578113610221195
(0.2 0 0.2 0 0 0.4 0.2 0),0.40649468716247156
(0 0.2 0.2 0 0 0.6000000000000001 0 0),0.40710039483752836
(0.8 0 0 0 0 0 0.2 0),0.40722841124637665
(0 0.2 0 0 0.2 0.6000000000000001 0 0),0.40748731502669683
(0.2 0 0.4 0.2 0 0 0 0.2),0.40854505154996196
(0.2 0 0.4 0 0.2 0 0.2 0),0.40874672486803965
(0 0 0 0.2 0 0.6000000000000001 0.2 0),0.40880551487414213
(0.2 0 0 0 0 0.6000000000000001 0.2 0),0.40889828845308956
(0 0 0 0 0.8 0 0.2 0),0.40890624815662335
(0.2 0 0 0.2 0 0.4 0 0.2),0.41017105524485153
(0 0 0.2 0 0.6000000000000001 0 0.2 0),0.4102050970953472
(0.2 0 0.4 0 0 0.2 0.2 0),0.410272445691838
(0 0 0 0.4 0 0.4 0 0.2),0.4110387185354689
(0.4 0 0 0 0.4 0 0 0.2),0.4111791031568783
(0.6000000000000001 0 0 0 0 0.2 0 0.2),0.4114704320045766
(0.6000000000000001 0 0 0 0.2 0 0 0.2),0.41148805976964176
(0.4 0 0 0 0.2 0.2 0 0.2),0.41239862769285535
(0 0 0 0 0.6000000000000001 0.2 0.2 0),0.41245974828375287
(0.4 0 0.2 0 0.2 0 0 0.2),0.4126404507205697
(0 0.2 0.6000000000000001 0 0.2 0 0 0),0.4127418674365631
(0.6000000000000001 0 0.2 0 0 0 0 0.2),0.4128565011243324
(0 0 0.2 0 0.4 0.2 0.2 0),0.41299732491126356
(0 0 0.2 0.2 0.4 0 0 0.2),0.41321056742537504
(0 0.2 0 0 0 0.8 0 0),0.4134847292143396
(0.4 0 0.2 0 0 0.2 0 0.2),0.41401384560793264
(0 0 0 0.2 0.6000000000000001 0 0 0.2),0.41409445461479816
(0.4 0 0 0 0 0.4 0 0.2),0.41448433071853563
(0 0.2 0.6000000000000001 0 0 0.2 0 0),0.41466307496262345
(0 0 0.6000000000000001 0.2 0 0 0.2 0),0.415902153839817
(0 0 0.4 0 0.4 0 0.2 0),0.41593873372794304
(0 0 0.2 0 0.2 0.4 0.2 0),0.416705474415459
(0 0 0 0 0.4 0.4 0.2 0),0.4168551629799137
(0 0 0.4 0.2 0.2 0 0 0.2),0.417193073320112
(0 0 0.2 0.2 0.2 0.2 0 0.2),0.41732308560488207
(0.2 0 0 0 0.6000000000000001 0 0 0.2),0.4174963911411141
(0.4 0 0.4 0 0 0 0 0.2),0.41785966546758185
(0 0 0.4 0 0.2 0.2 0.2 0),0.41817578839359276
(0.8 0 0 0 0 0 0 0.2),0.4183110870663616
(0.2 0 0.2 0 0.4 0 0 0.2),0.41849063273684217
(0 0 0 0.2 0.4 0.2 0 0.2),0.41868523264683377
(0 0 0.4 0.2 0 0.2 0 0.2),0.42028663802898586
(0.2 0 0.2 0 0.2 0.2 0 0.2),0.4207541363035854
(0.2 0 0 0 0.4 0.2 0 0.2),0.4208067420183068
(0 0 0.2 0 0 0.6000000000000001 0.2 0),0.42098362174523274
(0 0 0.4 0 0 0.4 0.2 0),0.4210760233287563
(0.2 0 0.6000000000000001 0 0 0 0.2 0),0.42113053233409575
(0 0 0 0 0.2 0.6000000000000001 0.2 0),0.4217876964149505
(0 0 0.2 0.2 0 0.4 0 0.2),0.42206300169946626
(0.2 0 0.4 0 0.2 0 0 0.2),0.4230259491812864
(0.2 0 0.2 0 0 0.4 0 0.2),0.4237035466285281
(0 0 0 0.2 0.2 0.4 0 0.2),0.42376387744724103
(0.2 0 0 0 0.2 0.4 0 0.2),0.42460964209458385
(0.2 0 0.4 0 0 0.2 0 0.2),0.42497243379862754
(0 0 0 0 0 0.8 0.2 0),0.4273487612509535
(0 0 0.2 0 0.6000000000000001 0 0 0.2),0.42787332897940533
(0 0 0.6000000000000001 0 0.2 0 0.2 0),0.42807130196491266
(0 0 0.6000000000000001 0.2 0 0 0 0.2),0.428392840338673
(0 0 0 0 0.8 0 0 0.2),0.42915911517925287
(0.2 0 0 0 0 0.6000000000000001 0 0.2),0.42923982516094605
(0 0 0 0.2 0 0.6000000000000001 0 0.2),0.4293231121281466
(0 0 0.6000000000000001 0 0 0.2 0.2 0),0.42956928823493573
(0 0 0.4 0 0.4 0 0 0.2),0.4311484133618107
(0 0 0.2 0 0.4 0.2 0 0.2),0.4315966318016784
(0 0 0 0 0.6000000000000001 0.2 0 0.2),0.4332980854309685
(0 0.2 0.8 0 0 0 0 0),0.43368884299618593
(0.2 0 0.6000000000000001 0 0 0 0 0.2),0.433762682747521
(0 0 0.4 0 0.2 0.2 0 0.2),0.43403547921484803
(0 0 0.2 0 0.2 0.4 0 0.2),0.43598467197457325
(0 0 0.4 0 0 0.4 0 0.2),0.4374263436948899
(0 0 0 0 0.4 0.4 0 0.2),0.4380424663107048
(0 0 0.2 0 0 0.6000000000000001 0 0.2),0.441051249650648
(0 0 0.6000000000000001 0 0.2 0 0 0.2),0.4413670187205695
(0.2 0 0 0.8 0 0 0 0),0.44191816433409625
(0 0 0 0 0.2 0.6000000000000001 0 0.2),0.443166094584287
(0.4 0 0 0.6000000000000001 0 0 0 0),0.4432009051197564
(0 0 0.6000000000000001 0 0 0.2 0 0.2),0.4433183866331045
(0 0 0.8 0 0 0 0.2 0),0.44714569425476763
(0 0 0 0 0 0.8 0 0.2),0.4486363996948894
(0 0 0 1.0 0 0 0 0),0.44872280701754397
(0.2 0 0 0.6000000000000001 0.2 0 0 0),0.45137911770099165
(0.2 0 0.2 0.6000000000000001 0 0 0 0),0.4520804579145694
(0 0 0 0.8 0.2 0 0 0),0.4541564836003057
(0 0 0.2 0.8 0 0 0 0),0.4544911568512585
(0.2 0 0 0.6000000000000001 0 0.2 0 0),0.4553901117330287
(0.6000000000000001 0 0 0.4 0 0 0 0),0.45558811920518716
(0.4 0 0 0.4 0.2 0 0 0),0.45696621860055875
(0.4 0 0.2 0.4 0 0 0 0),0.45878801952097636
(0 0 0.8 0 0 0 0 0.2),0.4588328552006104
(0.4 0 0 0.4 0 0.2 0 0),0.45885338615713184
(0 0 0 0.8 0 0.2 0 0),0.45927307398932077
(0 0 0.2 0.6000000000000001 0.2 0 0 0),0.46261196503737595
(0 0 0 0.6000000000000001 0.4 0 0 0),0.4632315840325457
(0.2 0 0 0.4 0.4 0 0 0),0.4641439979349089
(0.2 0 0.2 0.4 0.2 0 0 0),0.4646949029977112
(0 0 0.4 0.6000000000000001 0 0 0 0),0.46730291018764264
(0 0 0.2 0.6000000000000001 0 0.2 0 0),0.46738414962929037
(0.2 0 0.2 0.4 0 0.2 0 0),0.4674471608161702
(0.2 0 0 0.4 0.2 0.2 0 0),0.4676995153516399
(0 0 0 0.6000000000000001 0.2 0.2 0 0),0.468023623188406
(0.2 0 0.4 0.4 0 0 0 0),0.4696258291548437
(0.6000000000000001 0 0 0.2 0.2 0 0 0),0.4708859697620149
(0.6000000000000001 0 0 0.2 0 0.2 0 0),0.471053650921434
(0.2 0 0 0.4 0 0.4 0 0),0.47197548268649847
(0.4 0 0 0.2 0.4 0 0 0),0.4720945671792523
(0.6000000000000001 0 0.2 0.2 0 0 0 0),0.4721549417437071
(0 0 0 0.6000000000000001 0 0.4 0 0),0.4732515026697179
(0.4 0 0 0.2 0.2 0.2 0 0),0.4733917728746503
(0.4 0 0.2 0.2 0.2 0 0 0),0.4735918668843116
(0.8 0 0 0.2 0 0 0 0),0.47451770796643816
(0 0 0.2 0.4 0.4 0 0 0),0.4746510983178235
(0.4 0 0.2 0.2 0 0.2 0 0),0.4750261892845156
(0.4 0 0 0.2 0 0.4 0 0),0.47553070753013016
(0 0 0 0.4 0.6000000000000001 0 0 0),0.4757777345537758
(0.4 0 0.4 0.2 0 0 0 0),0.47783475355301297
(0 0 0.4 0.4 0.2 0 0 0),0.47843346894685923
(0.2 0 0 0.2 0.6000000000000001 0 0 0),0.4786998954279177
(0 0 0.2 0.4 0.2 0.2 0 0),0.4788514497035343
(0.2 0 0.2 0.2 0.4 0 0 0),0.4794774438672769
(0 0 0 0.4 0.4 0.2 0 0),0.48027588609204147
(0 0 0.4 0.4 0 0.2 0 0),0.4817486304012212
(0.2 0 0.2 0.2 0.2 0.2 0 0),0.48193847361555986
(0.2 0 0 0.2 0.4 0.2 0 0),0.4819560586620895
(0.2 0 0.4 0.2 0.2 0 0 0),0.483470163576405
(0 0 0.2 0.4 0 0.4 0 0),0.48361192618459214
(0.2 0 0.2 0.2 0 0.4 0 0),0.4850097733867275
(0 0 0 0.4 0.2 0.4 0 0),0.4852528426137808
(0.2 0 0.4 0.2 0 0.2 0 0),0.48568309365522505
(0.2 0 0 0.2 0.2 0.4 0 0),0.48573109440071105
(0.6000000000000001 0 0 0 0.2 0.2 0 0),0.48690408824663145
(0.6000000000000001 0 0 0 0.4 0 0 0),0.4870245789661841
(0.6000000000000001 0 0 0 0 0.4 0 0),0.48731488661937433
(0.6000000000000001 0 0.2 0 0.2 0 0 0),0.4880914923198571
(0.6000000000000001 0 0.2 0 0 0.2 0 0),0.4881929139969486
(0.4 0 0 0 0.6000000000000001 0 0 0),0.48822780135164
(0 0 0.6000000000000001 0.4 0 0 0 0),0.4884603369061785
(0 0 0.2 0.2 0.6000000000000001 0 0 0),0.48881694148893995
(0.4 0 0 0 0.4 0.2 0 0),0.48940541386117475
(0.8 0 0 0 0 0.2 0 0),0.489697326578184
(0.4 0 0.2 0 0.4 0 0 0),0.48970650739384736
(0 0 0 0.2 0.8 0 0 0),0.49019763030765345
(0.2 0 0 0.2 0 0.6000000000000001 0 0),0.4902413307414189
(0.8 0 0 0 0.2 0 0 0),0.490605531510806
(0 0 0 0.4 0 0.6000000000000001 0 0),0.4907499008390541
(0.4 0 0.2 0 0.2 0.2 0 0),0.490854431947114
(0.8 0 0.2 0 0 0 0 0),0.4911364434630056
(0.4 0 0 0 0.2 0.4 0 0),0.4911506541357743
(0.6000000000000001 0 0.4 0 0 0 0 0),0.4911952503966428
(0 0 0.4 0.2 0.4 0 0 0),0.4917820304480037
(0 0 0.2 0.2 0.4 0.2 0 0),0.4925591743900322
(0.4 0 0.2 0 0 0.4 0 0),0.4925752277772698
(0.2 0 0.6000000000000001 0.2 0 0 0 0),0.4927550931578945
(0.4 0 0.4 0 0.2 0 0 0),0.4933582588629549
(0.4 0 0 0 0 0.6000000000000001 0 0),0.4936514397955759
(0 0 0 0.2 0.6000000000000001 0.2 0 0),0.4943427383676583
(0.4 0 0.4 0 0 0.2 0 0),0.4945210328268497
(0.2 0 0 0 0.8 0 0 0),0.4946411839201625
(0 0 0.4 0.2 0.2 0.2 0 0),0.4947863614930081
(0.2 0 0.2 0 0.6000000000000001 0 0 0),0.49544165003661317
(0 0 0.2 0.2 0.2 0.4 0 0),0.4969508372428178
(0.2 0 0 0 0.6000000000000001 0.2 0 0),0.49745530799847426
(0.2 0 0.2 0 0.4 0.2 0 0),0.49765455609509296
(0 0 0.4 0.2 0 0.4 0 0),0.498312964594965
(0 0 0 0.2 0.4 0.4 0 0),0.4990286549707601
(0.2 0 0.4 0 0.4 0 0 0),0.4990904801550981
(1.0 0 0 0 0 0 0 0),0.49934438896262373
(0.2 0 0.2 0 0.2 0.4 0 0),0.500276567282481
(0 0 0.6000000000000001 0.2 0.2 0 0 0),0.5006301003376548
(0.2 0 0.4 0 0.2 0.2 0 0),0.5009635667048055
(0.2 0 0 0 0.4 0.4 0 0),0.5009849266102213
(0.4 0 0.6000000000000001 0 0 0 0 0),0.5015487731258586
(0 0 0.2 0.2 0 0.6000000000000001 0 0),0.5018550757376049
(0 0 0.6000000000000001 0.2 0 0.2 0 0),0.5028670670297482
(0.2 0 0.4 0 0 0.4 0 0),0.5032821769260103
(0.2 0 0.2 0 0 0.6000000000000001 0 0),0.5036142031838289
(0 0 0 0.2 0.2 0.6000000000000001 0 0),0.5040121205186883
(0 0 0.2 0 0.8 0 0 0),0.5043096112067127
(0.2 0 0 0 0.2 0.6000000000000001 0 0),0.504985107133995
(0 0 0 0 1.0 0 0 0),0.505586994660564
(0 0 0.4 0 0.6000000000000001 0 0 0),0.5067812346178491
(0.2 0 0.6000000000000001 0 0.2 0 0 0),0.5070079581606918
(0 0 0.2 0 0.6000000000000001 0.2 0 0),0.5075426958749044
(0.2 0 0.6000000000000001 0 0 0.2 0 0),0.5085213855697943
(0 0 0 0.2 0 0.8 0 0),0.5093886803966434
(0 0 0.4 0 0.4 0.2 0 0),0.5095191939364353
(0 0 0 0 0.8 0.2 0 0),0.5095869717772694
(0.2 0 0 0 0 0.8 0 0),0.5096514217864226
(0 0 0.2 0 0.4 0.4 0 0),0.5115326704490212
(0 0 0.4 0 0.2 0.4 0 0),0.5127783319989834
(0 0 0 0 0.6000000000000001 0.4 0 0),0.5138110221205182
(0 0 0.6000000000000001 0 0.4 0 0 0),0.514522500541063
(0 0 0.8 0.2 0 0 0 0),0.5158644951700997
(0 0 0.2 0 0.2 0.6000000000000001 0 0),0.516183487128401
(0 0 0.4 0 0 0.6000000000000001 0 0),0.5164970988436305
(0 0 0.6000000000000001 0 0.2 0.2 0 0),0.516547232297991
(0 0 0 0 0.4 0.6000000000000001 0 0),0.518553272311213
(0 0 0.6000000000000001 0 0 0.4 0 0),0.5189869144744469
(0.2 0 0.8 0 0 0 0 0),0.5212614138626994
(0 0 0.2 0 0 0.8 0 0),0.5212670238688024
(0 0 0 0 0.2 0.8 0 0),0.5237157971014492
(0 0 0.8 0 0.2 0 0 0),0.5285481132733282
(0 0 0 0 0 1.0 0 0),0.5291588100686494
(0 0 0.8 0 0 0.2 0 0),0.5299199642776504
(0 0 1.0 0 0 0 0 0),0.5498673847902367
